Orden;Fecha_partido;Local;Visitante;Periodo;Tiempo_restante;Equipo;Dorsal;Jugador;Accion_original;Puntos_Begues_periodo;Puntos_Cervello_periodo;Puntos_accion;Observaciones
1;2026-10-03;CB BEGUES;MVP CERVELLÓ;P1;06:00;CB BEGUES;5;JUGADOR 5;Salt guanyat;0;0;0;
2;2026-10-03;CB BEGUES;MVP CERVELLÓ;P1;06:00;MVP CERVELLÓ;93;JUGADOR 93;Salt perdut;0;0;0;
3;2026-10-03;CB BEGUES;MVP CERVELLÓ;P1;05:37;MVP CERVELLÓ;23;JUGADOR 23;Cistella de 2;0;2;2;
4;2026-10-03;CB BEGUES;MVP CERVELLÓ;P1;05:05;CB BEGUES;3;JUGADOR 3;Cistella de 2;2;2;2;
5;2026-10-03;CB BEGUES;MVP CERVELLÓ;P1;04:46;MVP CERVELLÓ;12;M.N.L.;Cistella de 2;2;4;2;
6;2026-10-03;CB BEGUES;MVP CERVELLÓ;P1;03:28;CB BEGUES;5;JUGADOR 5;Personal, 1a falta;2;4;0;
7;2026-10-03;CB BEGUES;MVP CERVELLÓ;P1;03:28;MVP CERVELLÓ;19;JUGADOR 19;Personal 2 tirs lliures, 1a falta;2;4;0;
8;2026-10-03;CB BEGUES;MVP CERVELLÓ;P1;03:28;CB BEGUES;23;JUGADOR 23;Cistella de 1;3;4;1;
9;2026-10-03;CB BEGUES;MVP CERVELLÓ;P1;03:28;CB BEGUES;23;JUGADOR 23;Intent fallat de 1;3;4;0;
10;2026-10-03;CB BEGUES;MVP CERVELLÓ;P1;03:24;CB BEGUES;23;JUGADOR 23;Personal, 1a falta;3;4;0;
11;2026-10-03;CB BEGUES;MVP CERVELLÓ;P1;02:13;CB BEGUES;3;JUGADOR 3;Personal, 1a falta;3;4;0;
12;2026-10-03;CB BEGUES;MVP CERVELLÓ;P1;00:34;MVP CERVELLÓ;93;JUGADOR 93;Cistella de 2;3;6;2;
13;2026-10-03;CB BEGUES;MVP CERVELLÓ;P1;00:18;MVP CERVELLÓ;18;JUGADOR 18;Personal, 1a falta;3;6;0;
14;2026-10-03;CB BEGUES;MVP CERVELLÓ;P1;;;;;Final de període;;;;
15;2026-10-03;CB BEGUES;MVP CERVELLÓ;P2;06:00;CB BEGUES;0;JUGADOR 0;Surt del camp;0;0;0;
